StartDate,EndDate,Status,IPAddress,Progress,Duration (in seconds),Finished,RecordedDate,ResponseId,RecipientLastName,RecipientFirstName,RecipientEmail,ExternalReference,LocationLatitude,LocationLongitude,DistributionChannel,UserLanguage,Welcome,Age,Gender,Race,Location,Video_Control_Time_First Click,Video_Control_Time_Last Click,Video_Control_Time_Page Submit,Video_Control_Time_Click Count,Video_Treatment_Time_First Click,Video_Treatment_Time_Last Click,Video_Treatment_Time_Page Submit,Video_Treatment_Time_Click Count,Personal_Views_Confident,Personal_Views_Beautiful,Personal_Views_Beauty_Importance,Personal_Views_Relate_To_Model,Passion_i_identify_1,Passion_i_prefer_1,Passion_o_prefer_1,Passion_validate_1,Passion_i_identify_2,Passion_i_prefer_2,Passion_o_prefer_2,Passion_validate_2,Coffee_i_identify_1,Coffee_i_prefer_1,Coffee_o_prefer_1,Coffe_validate_1,Coffee_i_identify_2,Coffee_i_prefer_2,Coffee_o_prefer_2,Coffee_validate_2,Couple_i_identify_1,Couple_i_prefer_1,Couple_o_prefer_1,Couple_validate_1,Couple_i_identify_2,Couple_i_prefer_2,Couple_o_prefer_2,Couple_validate_2,Work_i_identify_1,Work_i_prefer_1,Work_o_prefer_1,Work_validate_1,work_i_identify_2,Work_i_prefer_2,Work_o_prefer_2,Work_validate_2,FIt_i_identify_1,Fit_i_prefer_1,Fit_o_prefer_1,Fit_validate_1,Fit_i_identify_2,Fit_i_prefer_2,Fit_o_prefer_2,Fit_validate_2,Group,Q9_6_TEXT - Topics
Start Date,End Date,Response Type,IP Address,Progress,Duration (in seconds),Finished,Recorded Date,Response ID,Recipient Last Name,Recipient First Name,Recipient Email,External Data Reference,Location Latitude,Location Longitude,Distribution Channel,User Language,"I agree to participate in a research study conducted by masters students from the University of California - Berkeley.

In order to analyze responses to the questionnaire, my answers will be recorded. No identifying information about me will be made public, and any views I express will be kept completely confidential. 
The data will be stored at a secured location and retained indefinitely. My participation is voluntary. I am free to withdraw from the study at any time.

Please select one of the following options. If you choose not to participate, the survey will end immediately.",What is your age?,Which gender do you identify with?,Choose one or more races that you consider yourself to be:,"50 States, D.C. and Puerto Rico",Timing - First Click,Timing - Last Click,Timing - Page Submit,Timing - Click Count,Timing - First Click,Timing - Last Click,Timing - Page Submit,Timing - Click Count,Please indicate how strongly you agree or disagree with the following statements. - I am confident,Please indicate how strongly you agree or disagree with the following statements. - I am beautiful,Please indicate how strongly you agree or disagree with the following statements. - Being beautiful is important,Please indicate how strongly you agree or disagree with the following statements. - I can relate with model in the video advertisement,I identify most with the model in...,I prefer...,I believe others will prefer...,Select the Ad 1,I identify most with the model in...,I prefer...,I believe others will prefer...,Select the Ad 2,I identify most with the model in...,I prefer...,I believe others will prefer...,Select the first ad,I identify most with the model in...,I prefer...,I believe others will prefer...,Select the second ad,I identify most with the model in...,I prefer...,I believe others will prefer...,Select the first ad,I identify most with the model in...,I prefer...,I believe others will prefer...,Select the second ad,I identify most with the model in...,I prefer...,I believe others will prefer...,Select the first ad,I identify most with the model in...,I prefer...,I believe others will prefer...,Select the second ad,I identify most with the model in...,I prefer...,I believe others will prefer...,Select the Ad 1,I identify most with the model in...,I prefer...,I believe others will prefer...,Select the Ad 2,Group,Q9_6_TEXT - Topics
"{""ImportId"":""startDate""}","{""ImportId"":""endDate""}","{""ImportId"":""status""}","{""ImportId"":""ipAddress""}","{""ImportId"":""progress""}","{""ImportId"":""duration""}","{""ImportId"":""finished""}","{""ImportId"":""recordedDate""}","{""ImportId"":""_recordId""}","{""ImportId"":""recipientLastName""}","{""ImportId"":""recipientFirstName""}","{""ImportId"":""recipientEmail""}","{""ImportId"":""externalDataReference""}","{""ImportId"":""locationLatitude""}","{""ImportId"":""locationLongitude""}","{""ImportId"":""distributionChannel""}","{""ImportId"":""userLanguage""}","{""ImportId"":""QID2""}","{""ImportId"":""QID3""}","{""ImportId"":""QID4""}","{""ImportId"":""QID5""}","{""ImportId"":""QID6""}","{""ImportId"":""QID27_FIRST_CLICK""}","{""ImportId"":""QID27_LAST_CLICK""}","{""ImportId"":""QID27_PAGE_SUBMIT""}","{""ImportId"":""QID27_CLICK_COUNT""}","{""ImportId"":""QID28_FIRST_CLICK""}","{""ImportId"":""QID28_LAST_CLICK""}","{""ImportId"":""QID28_PAGE_SUBMIT""}","{""ImportId"":""QID28_CLICK_COUNT""}","{""ImportId"":""QID26_1""}","{""ImportId"":""QID26_2""}","{""ImportId"":""QID26_3""}","{""ImportId"":""QID26_4""}","{""ImportId"":""QID31""}","{""ImportId"":""QID32""}","{""ImportId"":""QID33""}","{""ImportId"":""QID30""}","{""ImportId"":""QID37""}","{""ImportId"":""QID38""}","{""ImportId"":""QID36""}","{""ImportId"":""QID39""}","{""ImportId"":""QID41""}","{""ImportId"":""QID43""}","{""ImportId"":""QID42""}","{""ImportId"":""QID40""}","{""ImportId"":""QID44""}","{""ImportId"":""QID46""}","{""ImportId"":""QID45""}","{""ImportId"":""QID47""}","{""ImportId"":""QID53""}","{""ImportId"":""QID55""}","{""ImportId"":""QID54""}","{""ImportId"":""QID52""}","{""ImportId"":""QID56""}","{""ImportId"":""QID58""}","{""ImportId"":""QID57""}","{""ImportId"":""QID59""}","{""ImportId"":""QID49""}","{""ImportId"":""QID51""}","{""ImportId"":""QID50""}","{""ImportId"":""QID48""}","{""ImportId"":""QID60""}","{""ImportId"":""QID62""}","{""ImportId"":""QID61""}","{""ImportId"":""QID63""}","{""ImportId"":""QID65""}","{""ImportId"":""QID67""}","{""ImportId"":""QID66""}","{""ImportId"":""QID64""}","{""ImportId"":""QID68""}","{""ImportId"":""QID70""}","{""ImportId"":""QID69""}","{""ImportId"":""QID71""}","{""ImportId"":""Group""}","{""ImportId"":""QID5_6_TEXT_bfcd9ab8d0fd40b9b3584743Topics""}"
2017-07-04 14:31:54,2017-07-04 14:34:33,Survey Preview,,100,158,True,2017-07-04 14:34:33,R_2v7lt34CBgN2Jiw,,,,,47.634399414062,-122.34220123291,preview,EN,I agree,25 - 34,Female,White,Washington,,,,,0,0,30.023,0,Disagree,Strongly agree,Agree,Agree,,,,,,,,,,,,,,,,,,,,,,,,,,,,,,,,,,,,,,,,,Treatment,
2017-07-04 15:02:58,2017-07-04 15:04:56,Survey Preview,,100,118,True,2017-07-04 15:04:56,R_cNiQWiAr3GMHJ53,,,,,47.634399414062,-122.34220123291,preview,,I agree,35 - 44,Male,Black or African American,Indiana,0,0,31.018,0,,,,,Strongly agree,Strongly agree,Strongly agree,Strongly agree,,,,,Ad 1,Ad 1,Ad 1,Ad 1,,,,,,,,,,,,,,,,,,,,,,,,,,,,,,,,,Control,
2017-07-04 15:47:49,2017-07-04 15:49:38,IP Address,50.53.23.101,100,109,True,2017-07-04 15:49:39,R_2qgeQUPWXj1eGmp,,,,,45.445999145508,-122.88200378418,anonymous,EN,I agree,25 - 34,Male,Asian,Oregon,,,,,0,0,30.018,0,Agree,Agree,Disagree,Disagree,,,,,,,,,,,,,,,,,,,,,,,,,,,,,Ad 2,Ad 2,Ad 2,Ad 1,,,,,,,,,Treatment,
2017-07-04 15:51:02,2017-07-04 15:52:25,IP Address,50.53.23.101,100,82,True,2017-07-04 15:52:26,R_31h1r4HFjmeq6Uf,,,,,45.445999145508,-122.88200378418,anonymous,EN,I agree,25 - 34,Male,Asian,Indiana,,,,,7.709,7.709,30.025,1,Agree,Agree,Agree,Disagree,,,,,,,,,,,,,,,,,Ad 1,Ad 2,Ad 1,Ad 2,,,,,,,,,,,,,,,,,,,,,Treatment,
2017-07-04 16:04:32,2017-07-04 16:05:11,IP Address,24.18.156.137,100,39,True,2017-07-04 16:05:12,R_332uDaPsr3zIsnS,,,,,47.634399414062,-122.34220123291,anonymous,EN,I do not agree,,,,,,,,,,,,,,,,,,,,,,,,,,,,,,,,,,,,,,,,,,,,,,,,,,,,,,,,,,
2017-07-04 16:05:16,2017-07-04 16:05:37,IP Address,24.18.156.137,100,21,True,2017-07-04 16:05:37,R_u4XehWBliEYrReN,,,,,47.634399414062,-122.34220123291,anonymous,EN,I agree,Under 18,,,,,,,,,,,,,,,,,,,,,,,,,,,,,,,,,,,,,,,,,,,,,,,,,,,,,,,,,
2017-07-04 16:05:40,2017-07-04 16:12:28,IP Address,24.18.156.137,100,408,True,2017-07-04 16:12:29,R_1FK9E8BCZuado6u,,,,,47.634399414062,-122.34220123291,anonymous,EN,I agree,18 - 24,Male,"White,Other",Tennessee,0,0,31.071,0,,,,,Agree,Disagree,Disagree,Disagree,,,,,Ad 1,Ad 1,Ad 1,Ad 2,,,,,,,,,,,,,Ad 1,Ad 2,Ad 2,Ad 2,,,,,,,,,Ad 1,Ad 1,Ad 1,Ad 2,,,,,Control,
2017-07-04 16:12:37,2017-07-04 16:16:52,IP Address,24.18.156.137,100,255,True,2017-07-04 16:16:53,R_12LMHiPG6otE6XM,,,,,47.634399414062,-122.34220123291,anonymous,EN,I agree,55 - 64,Male,"Black or African American,American Indian or Alaska Native,Native Hawaiian or Pacific Islander",Connecticut,0,0,31.066,0,,,,,Strongly disagree,Disagree,Agree,Disagree,Ad 1,Ad 1,Ad 1,Ad 1,,,,,Ad 1,Ad 2,Ad 1,Ad 1,,,,,,,,,Ad 2,Ad 2,Ad 2,Ad 2,,,,,Ad 2,Ad 1,Ad 1,Ad 2,,,,,Ad 2,Ad 2,Ad 1,Ad 2,Control,
2017-07-04 16:17:21,2017-07-04 16:18:34,IP Address,24.18.156.137,100,72,True,2017-07-04 16:18:34,R_3lsNAMGoE6OQZWI,,,,,47.634399414062,-122.34220123291,anonymous,EN,I agree,55 - 64,Other,Native Hawaiian or Pacific Islander,Kansas,,,,,0,0,30.063,0,Disagree,Agree,Strongly disagree,Agree,Ad 1,Ad 1,Ad 1,Ad 1,,,,,,,,,,,,,,,,,,,,,,,,,,,,,Ad 2,Ad 1,Ad 1,Ad 2,,,,,Treatment,
2017-07-04 16:27:09,2017-07-04 16:28:32,IP Address,47.17.45.3,100,83,True,2017-07-04 16:28:33,R_1j8Lj8IeKO2gKxB,,,,,40.661407470703,-73.958297729492,anonymous,EN,I agree,25 - 34,Male,"White,Asian",New York,0,0,31.018,0,,,,,,,,,,,,,,,,,,,,,,,,,,,,,,,,,,,,,,,,,,,,,,,,,Control,
2017-07-04 18:30:31,2017-07-04 18:30:54,IP Address,107.77.205.48,3,22,False,2017-07-04 22:30:33,R_264LHxtXLlUSC5G,,,,,,,anonymous,EN,I agree,25 - 34,,,,,,,,,,,,,,,,,,,,,,,,,,,,,,,,,,,,,,,,,,,,,,,,,,,,,,,,,
2017-07-04 20:40:45,2017-07-04 21:16:34,IP Address,172.58.40.15,42,2148,False,2017-07-05 00:40:51,R_2yrRFzwiHvyB3tH,,,,,,,anonymous,EN,I agree,25 - 34,Male,White,Washington,,,,,9.698,26.184,30.103,3,Strongly agree,Strongly agree,Agree,Strongly disagree,,,,,,,,,,,,,,,,,,,,,,,,,Ad 2,Ad 2,Ad 1,Ad 1,,,,,,,,,,,,,Treatment,
2017-07-05 08:46:42,2017-07-05 08:48:53,IP Address,172.58.40.15,100,130,True,2017-07-05 08:48:53,R_TcnoNHYGyRWMg0h,,,,,45.523406982422,-122.6762008667,anonymous,EN,I agree,25 - 34,Male,White,Washington,10.018,23.737,31.143,3,,,,,Strongly agree,Strongly agree,Disagree,Disagree,,,,,Ad 1,Ad 2,Ad 1,Ad 2,,,,,Ad 1,Ad 1,Ad 1,Ad 2,Ad 2,Ad 1,Ad 2,Ad 1,,,,,,,,,Ad 1,Ad 1,Ad 2,Ad 2,,,,,Ad 1,Ad 1,Ad 2,Ad 2,Control,
2017-07-05 08:59:34,2017-07-05 09:03:04,IP Address,96.81.157.89,100,210,True,2017-07-05 09:03:05,R_1PYm3SxFGuEGERe,,,,,47.61540222168,-122.21029663086,anonymous,EN,I agree,25 - 34,Female,White,Washington,0,0,31.042,0,,,,,Agree,Agree,Strongly disagree,Strongly disagree,,,,,Ad 1,Ad 1,Ad 1,Ad 2,Ad 1,Ad 1,Ad 2,Ad 1,,,,,Ad 2,Ad 1,Ad 1,Ad 1,,,,,Ad 1,Ad 1,Ad 1,Ad 1,,,,,,,,,Ad 2,Ad 1,Ad 1,Ad 2,Control,
2017-07-05 11:05:51,2017-07-05 11:11:09,IP Address,134.134.139.72,100,318,True,2017-07-05 11:11:10,R_1DMPRw7OzLZiG9n,,,,,34.054397583008,-118.2440032959,anonymous,EN,I agree,55 - 64,Female,"White,Other",Oregon,,,,,0,0,30.032,0,Agree,Disagree,Agree,Strongly agree,Ad 2,Ad 2,Ad 1,Ad 1,,,,,,,,,Ad 1,Ad 1,Ad 1,Ad 2,,,,,Ad 1,Ad 1,Ad 2,Ad 2,Ad 1,Ad 1,Ad 1,Ad 1,,,,,Ad 1,Ad 2,Ad 2,Ad 1,,,,,Treatment,
2017-07-05 09:50:56,2017-07-05 09:52:02,IP Address,172.221.22.73,16,66,False,2017-07-05 13:51:07,R_279GFyM6KywWsu2,,,,,,,anonymous,EN,I agree,25 - 34,Male,White,California,,,,,0,0,30.146,0,,,,,,,,,,,,,,,,,,,,,,,,,,,,,,,,,,,,,,,,,,,,,Treatment,
2017-07-05 16:19:50,2017-07-05 16:22:17,IP Address,192.55.54.45,100,147,True,2017-07-05 16:22:18,R_uaIaXM0s3RQ6wM1,,,,,45.523406982422,-122.6762008667,anonymous,EN,I agree,45 - 54,Female,White,Oregon,0,0,31.077,0,,,,,Strongly agree,Strongly agree,Strongly disagree,Strongly disagree,,,,,,,,,Ad 2,Ad 2,Ad 1,Ad 2,,,,,,,,,,,,,,,,,,,,,,,,,,,,,Control,
2017-07-05 17:20:57,2017-07-05 17:24:05,IP Address,192.55.54.42,100,188,True,2017-07-05 17:24:06,R_3forOabCUGWVP8J,,,,,34.054397583008,-118.2440032959,anonymous,EN,I agree,35 - 44,Female,Asian,Oregon,0,0,31.047,0,,,,,Strongly agree,Agree,Disagree,Disagree,Ad 2,Ad 2,Ad 1,Ad 1,,,,,,,,,Ad 1,Ad 1,Ad 2,Ad 2,Ad 2,Ad 2,Ad 1,Ad 1,,,,,,,,,Ad 1,Ad 2,Ad 2,Ad 2,,,,,Ad 1,Ad 1,Ad 2,Ad 2,Control,
2017-07-05 17:21:44,2017-07-05 17:24:38,IP Address,192.55.54.42,100,174,True,2017-07-05 17:24:39,R_33dVlXPBn3i2uCL,,,,,34.054397583008,-118.2440032959,anonymous,EN,I agree,45 - 54,Female,White,Oregon,,,,,0,0,30.052,0,Strongly agree,Strongly agree,Strongly disagree,Disagree,,,,,Ad 1,Ad 1,Ad 1,Ad 2,,,,,Ad 1,Ad 1,Ad 1,Ad 2,,,,,Ad 1,Ad 1,Ad 1,Ad 2,,,,,Ad 1,Ad 1,Ad 1,Ad 2,Ad 2,Ad 2,Ad 2,Ad 1,,,,,Treatment,
2017-07-05 19:51:31,2017-07-05 19:58:41,IP Address,128.107.241.183,100,429,True,2017-07-05 19:58:41,R_vACmOvvuBCJiQEh,,,,,37.338806152344,-121.89140319824,anonymous,EN,I agree,25 - 34,Male,White,California,34.719,34.719,34.885,1,,,,,Agree,Agree,Disagree,Disagree,Ad 2,Ad 1,Ad 1,Ad 1,,,,,Ad 1,Ad 2,Ad 1,Ad 1,,,,,,,,,Ad 1,Ad 2,Ad 2,Ad 2,Ad 2,Ad 1,Ad 1,Ad 1,,,,,Ad 2,Ad 2,Ad 2,Ad 2,,,,,Control,
2017-07-05 21:08:09,2017-07-05 21:12:16,IP Address,73.239.74.140,100,246,True,2017-07-05 21:12:17,R_3NOhAFJHZoLwA5b,,,,,47.680099487305,-122.12060546875,anonymous,EN,I agree,35 - 44,Female,White,Washington,,,,,0,0,30.052,0,Agree,Agree,Disagree,Strongly disagree,,,,,Ad 1,Ad 1,Ad 1,Ad 2,,,,,Ad 1,Ad 1,Ad 1,Ad 2,Ad 2,Ad 1,Ad 1,Ad 1,,,,,Ad 1,Ad 1,Ad 1,Ad 1,,,,,,,,,Ad 2,Ad 1,Ad 2,Ad 2,Treatment,
2017-07-05 22:37:41,2017-07-05 22:37:51,IP Address,47.17.45.3,2,10,False,2017-07-06 02:37:46,R_33pxfAj3QvQWJ7Y,,,,,,,anonymous,EN,I agree,,,,,,,,,,,,,,,,,,,,,,,,,,,,,,,,,,,,,,,,,,,,,,,,,,,,,,,,,,
2017-07-06 09:10:39,2017-07-06 09:14:49,IP Address,107.77.213.138,100,249,True,2017-07-06 09:14:49,R_Ao1VxgJEajY64HD,,,,,37.804397583008,-122.27079772949,anonymous,EN,I agree,35 - 44,Male,White,California,,,,,0,0,30.06,0,Agree,Agree,Disagree,Disagree,,,,,Ad 1,Ad 2,Ad 2,Ad 2,Ad 1,Ad 2,Ad 1,Ad 1,,,,,,,,,Ad 1,Ad 2,Ad 2,Ad 2,,,,,Ad 1,Ad 1,Ad 2,Ad 2,Ad 1,Ad 1,Ad 1,Ad 1,,,,,Treatment,
2017-07-06 09:23:00,2017-07-06 09:25:45,IP Address,73.241.3.72,100,164,True,2017-07-06 09:25:45,R_3MAq7pyS5HBNTMz,,,,,37.342193603516,-121.88330078125,anonymous,EN,I agree,25 - 34,Male,Asian,California,0,0,31.023,0,,,,,Agree,Agree,Disagree,Strongly disagree,Ad 2,Ad 2,Ad 2,Ad 1,,,,,Ad 2,Ad 2,Ad 2,Ad 1,,,,,Ad 2,Ad 2,Ad 2,Ad 1,,,,,,,,,Ad 1,Ad 1,Ad 1,Ad 2,Ad 2,Ad 2,Ad 2,Ad 1,,,,,Control,
2017-07-06 09:26:18,2017-07-06 09:28:17,IP Address,73.78.154.177,100,118,True,2017-07-06 09:28:18,R_10H0XGv21BKYx6X,,,,,38.831207275391,-104.80819702148,anonymous,EN,I agree,35 - 44,Male,White,Colorado,,,,,0,0,30.057,0,Strongly agree,Disagree,Disagree,Agree,,,,,,,,,Ad 2,Ad 2,Ad 1,Ad 2,,,,,,,,,,,,,,,,,,,,,,,,,,,,,Treatment,
2017-07-06 09:28:02,2017-07-06 09:30:30,IP Address,73.222.185.166,100,148,True,2017-07-06 09:30:31,R_2QuK63PvH4kkvPh,,,,,37.044799804688,-122.10209655762,anonymous,EN,I agree,25 - 34,Male,White,California,0,0,31.058,0,,,,,Strongly agree,Agree,Disagree,Strongly disagree,,,,,Ad 1,Ad 1,Ad 2,Ad 1,,,,,,,,,,,,,,,,,Ad 1,Ad 1,Ad 1,Ad 1,,,,,,,,,,,,,Control,
2017-07-06 10:05:30,2017-07-06 10:08:29,IP Address,73.231.134.11,100,178,True,2017-07-06 10:08:30,R_2b1aJzlWYQriW8O,,,,,37.830902099609,-122.21960449219,anonymous,EN,I agree,35 - 44,Female,White,California,,,,,0,0,30.081,0,Strongly agree,Strongly agree,Agree,Disagree,,,,,Ad 2,Ad 2,Ad 2,Ad 2,,,,,Ad 1,Ad 1,Ad 1,Ad 2,,,,,Ad 1,Ad 1,Ad 1,Ad 2,,,,,Ad 2,Ad 2,Ad 2,Ad 2,Ad 2,Ad 2,Ad 1,Ad 1,,,,,Treatment,
2017-07-06 10:12:13,2017-07-06 10:16:02,IP Address,73.241.7.86,100,228,True,2017-07-06 10:16:02,R_5C1al4XcB5AY9hf,,,,,37.342193603516,-121.88330078125,anonymous,EN,I agree,35 - 44,Male,Other,California,0,0,31.102,0,,,,,Strongly agree,Agree,Disagree,Disagree,Ad 2,Ad 2,Ad 1,Ad 2,,,,,,,,,,,,,,,,,Ad 2,Ad 2,Ad 2,Ad 2,Ad 1,Ad 1,Ad 1,Ad 1,,,,,Ad 2,Ad 1,Ad 1,Ad 1,,,,,Control,
2017-07-06 10:23:39,2017-07-06 10:27:58,IP Address,73.162.160.218,100,258,True,2017-07-06 10:28:00,R_1NbryHUk68qn0eV,,,,,37.425003051758,-121.94599914551,anonymous,EN,I agree,25 - 34,Female,White,California,0,0,31.121,0,,,,,Agree,Agree,Strongly disagree,Strongly disagree,Ad 1,Ad 2,Ad 2,Ad 1,,,,,,,,,Ad 1,Ad 1,Ad 2,Ad 2,Ad 2,Ad 2,Ad 2,Ad 1,,,,,,,,,Ad 1,Ad 2,Ad 2,Ad 2,Ad 2,Ad 2,Ad 2,Ad 1,,,,,Control,
2017-07-06 10:28:10,2017-07-06 10:31:11,IP Address,223.229.255.114,100,180,True,2017-07-06 10:31:11,R_2fljy45Ld492K9J,,,,,18.975006103516,72.825805664062,anonymous,EN,I agree,25 - 34,Male,Other,I do not reside in the United States,,,,,,,,,,,,,,,,,,,,,,,,,,,,,,,,,,,,,,,,,,,,,,,,,,,,,,
2017-07-06 10:42:38,2017-07-06 10:46:41,IP Address,172.58.32.57,100,243,True,2017-07-06 10:46:41,R_x5AaG3SHFCkOced,,,,,37.338806152344,-121.89140319824,anonymous,EN,I agree,25 - 34,Male,White,California,,,,,3.58,3.58,30.055,1,Agree,Agree,Agree,Strongly disagree,,,,,Ad 2,Ad 2,Ad 1,Ad 2,Ad 1,Ad 1,Ad 2,Ad 1,,,,,,,,,Ad 2,Ad 2,Ad 2,Ad 2,Ad 2,Ad 1,Ad 1,Ad 1,,,,,,,,,Ad 1,Ad 1,Ad 2,Ad 2,Treatment,
2017-07-06 11:05:54,2017-07-06 11:07:30,IP Address,200.76.90.17,100,96,True,2017-07-06 11:07:30,R_czIIRLW6XWXwH1T,,,,,19.437103271484,-99.011100769043,anonymous,EN,I agree,25 - 34,Male,Other,I do not reside in the United States,,,,,,,,,,,,,,,,,,,,,,,,,,,,,,,,,,,,,,,,,,,,,,,,,,,,,,
2017-07-06 11:20:00,2017-07-06 11:24:48,IP Address,172.56.38.41,100,288,True,2017-07-06 11:24:49,R_1lxHNANjkRYRlRc,,,,,37.342193603516,-121.90519714355,anonymous,EN,I agree,35 - 44,Female,Black or African American,California,,,,,0,0,30.085,0,Strongly agree,Strongly agree,Agree,Disagree,,,,,Ad 1,Ad 1,Ad 1,Ad 2,Ad 2,Ad 2,Ad 2,Ad 1,,,,,Ad 2,Ad 2,Ad 2,Ad 1,,,,,,,,,Ad 2,Ad 2,Ad 2,Ad 2,,,,,Ad 1,Ad 1,Ad 1,Ad 2,Treatment,
2017-07-06 11:42:51,2017-07-06 11:45:21,IP Address,208.95.187.16,100,150,True,2017-07-06 11:45:22,R_2YsKkQQ3tFfvRGX,,,,,37.255493164062,-121.92449951172,anonymous,EN,I agree,25 - 34,Male,Other,California,30.334,30.334,31.023,1,,,,,Strongly agree,Disagree,Strongly disagree,Strongly disagree,Ad 2,Ad 2,Ad 1,Ad 1,,,,,,,,,Ad 1,Ad 1,Ad 1,Ad 2,,,,,Ad 1,Ad 1,Ad 1,Ad 2,Ad 2,Ad 1,Ad 2,Ad 1,,,,,Ad 2,Ad 2,Ad 1,Ad 1,,,,,Control,
2017-07-06 11:49:41,2017-07-06 11:50:04,IP Address,74.217.76.101,100,22,True,2017-07-06 11:50:05,R_3G2HYq1DsOTiLCm,,,,,37.721694946289,-122.44439697266,anonymous,EN,I do not agree,,,,,,,,,,,,,,,,,,,,,,,,,,,,,,,,,,,,,,,,,,,,,,,,,,,,,,,,,,
2017-07-06 13:11:19,2017-07-06 13:13:24,IP Address,73.189.175.182,100,125,True,2017-07-06 13:13:25,R_3lrkMoXiSvqdXvq,,,,,37.35009765625,-121.98539733887,anonymous,EN,I agree,25 - 34,Female,White,California,0,0,31.022,0,,,,,Disagree,Disagree,Disagree,Disagree,Ad 2,Ad 2,Ad 1,,,,,,,,,,,,,,,,,,,,,,,,,,,,,,Ad 2,Ad 2,Ad 1,Ad 1,,,,,Control,
2017-07-06 09:15:00,2017-07-06 09:17:35,IP Address,70.197.8.181,26,154,False,2017-07-06 13:15:04,R_3PgXVF1oi00dlbw,,,,,,,anonymous,EN,I agree,35 - 44,Male,White,California,,,,,10.982,10.982,30.164,1,Strongly agree,Disagree,Strongly disagree,Strongly disagree,,,,,,,,,,,,,,,,,,,,,,,,,,,,,,,,,,,,,,,,,Treatment,
2017-07-06 09:17:20,2017-07-06 09:18:28,IP Address,73.71.6.239,8,67,False,2017-07-06 13:17:46,R_xEMzJ9SQeVaHUUV,,,,,,,anonymous,EN,I agree,18 - 24,Female,White,California,,,,,,,,,,,,,,,,,,,,,,,,,,,,,,,,,,,,,,,,,,,,,,,,,,,,,Control,
2017-07-06 09:17:36,2017-07-06 09:24:12,IP Address,216.252.222.248,98,396,False,2017-07-06 13:17:48,R_2wgXRZXea2r8wI4,,,,,,,anonymous,EN,I agree,18 - 24,Female,Asian,California,,,,,28.261,29.811,30.067,2,Strongly agree,Strongly agree,Agree,Agree,Ad 1,Ad 1,Ad 1,Ad 1,,,,,,,,,Ad 2,Ad 1,Ad 2,Ad 2,Ad 2,Ad 1,Ad 1,Ad 1,,,,,Ad 1,Ad 1,Ad 1,Ad 1,,,,,,,,,Ad 1,Ad 1,Ad 2,Ad 2,Treatment,
2017-07-06 09:26:20,2017-07-06 09:26:46,IP Address,24.5.245.147,8,25,False,2017-07-06 13:26:38,R_0Ih5jOEcqLrwivT,,,,,,,anonymous,EN,I agree,25 - 34,Male,Asian,California,,,,,,,,,,,,,,,,,,,,,,,,,,,,,,,,,,,,,,,,,,,,,,,,,,,,,Treatment,
2017-07-06 09:35:40,2017-07-06 09:36:20,IP Address,216.59.106.254,8,39,False,2017-07-06 13:35:53,R_0ugYFVyXbvWEFEZ,,,,,,,anonymous,EN,I agree,25 - 34,Female,White,Virginia,,,,,,,,,,,,,,,,,,,,,,,,,,,,,,,,,,,,,,,,,,,,,,,,,,,,,Control,
2017-07-06 09:45:08,2017-07-06 13:02:41,IP Address,173.38.117.72,16,11853,False,2017-07-06 13:45:09,R_2sTuzYWny0LNlUJ,,,,,,,anonymous,EN,I agree,18 - 24,Female,White,North Carolina,,,,,0,0,30.037,0,,,,,,,,,,,,,,,,,,,,,,,,,,,,,,,,,,,,,,,,,,,,,Treatment,
2017-07-06 09:53:31,2017-07-06 09:57:19,IP Address,70.195.210.123,90,228,False,2017-07-06 13:53:40,R_1oGAJs8NzwiC8MS,,,,,,,anonymous,EN,I agree,25 - 34,Male,White,California,0,0,31.02,0,,,,,Agree,Agree,Agree,Disagree,,,,,,,,,,,,,Ad 1,Ad 2,Ad 1,Ad 2,,,,,Ad 1,Ad 2,Ad 2,Ad 2,,,,,Ad 1,Ad 2,Ad 2,Ad 2,,,,,Ad 1,Ad 2,Ad 2,Ad 2,Control,
2017-07-06 13:59:34,2017-07-06 14:02:13,IP Address,50.205.147.2,100,159,True,2017-07-06 14:02:15,R_3ExKhh3J82o10up,,,,,37.424896240234,-122.0074005127,anonymous,EN,I agree,35 - 44,Female,White,California,,,,,0,0,30.03,0,Disagree,Disagree,Strongly agree,Disagree,,,,,Ad 2,Ad 1,Ad 1,Ad 2,,,,,Ad 2,Ad 2,Ad 2,Ad 2,Ad 1,Ad 1,Ad 2,Ad 1,,,,,Ad 2,Ad 2,Ad 1,Ad 1,,,,,,,,,Ad 1,Ad 1,Ad 2,Ad 2,Treatment,
2017-07-06 10:05:55,2017-07-06 10:06:43,IP Address,173.123.110.66,8,48,False,2017-07-06 14:06:00,R_2YMlw98v25BJM2d,,,,,,,anonymous,EN,I agree,35 - 44,Male,Other,Texas,,,,,,,,,,,,,,,,,,,,,,,,,,,,,,,,,,,,,,,,,,,,,,,,,,,,,Treatment,
2017-07-06 10:07:44,2017-07-06 10:11:33,IP Address,50.200.86.162,98,228,False,2017-07-06 14:07:56,R_268zDy2R2IAgLHj,,,,,,,anonymous,EN,I agree,55 - 64,Male,White,California,0,0,31.036,0,,,,,Agree,Agree,Disagree,Disagree,,,,,Ad 1,Ad 1,Ad 1,Ad 2,Ad 2,Ad 2,Ad 2,Ad 1,,,,,Ad 2,Ad 2,Ad 1,Ad 1,,,,,Ad 2,Ad 1,Ad 1,Ad 1,,,,,,,,,Ad 2,Ad 2,Ad 1,Ad 2,Control,
2017-07-06 14:05:27,2017-07-06 14:10:34,IP Address,96.231.108.248,100,307,True,2017-07-06 14:10:34,R_1dES5jHTXkSH3xP,,,,,39.096694946289,-76.877899169922,anonymous,EN,I agree,25 - 34,Male,White,California,,,,,0,0,30.035,0,Strongly agree,Strongly agree,Disagree,Disagree,,,,,Ad 1,Ad 1,Ad 2,Ad 2,Ad 2,Ad 2,Ad 1,Ad 1,,,,,Ad 2,Ad 2,Ad 1,Ad 1,,,,,,,,,Ad 1,Ad 2,Ad 2,Ad 2,Ad 2,Ad 2,Ad 1,Ad 1,,,,,Treatment,
2017-07-06 10:18:56,2017-07-06 10:22:05,IP Address,173.216.195.159,26,188,False,2017-07-06 14:19:20,R_3G6ORRSe0aMM3RJ,,,,,,,anonymous,EN,I agree,55 - 64,Female,White,Louisiana,0,0,31.106,0,,,,,Disagree,Disagree,Agree,Strongly disagree,,,,,,,,,,,,,,,,,,,,,,,,,,,,,,,,,,,,,,,,,Control,
2017-07-06 14:20:42,2017-07-06 14:21:16,IP Address,92.221.93.96,100,34,True,2017-07-06 14:21:17,R_3OofW9YcygKdjbD,,,,,58.88850402832,5.6528015136719,anonymous,EN,I agree,25 - 34,Female,White,I do not reside in the United States,,,,,,,,,,,,,,,,,,,,,,,,,,,,,,,,,,,,,,,,,,,,,,,,,,,,,,
2017-07-06 10:25:56,2017-07-06 10:26:29,IP Address,66.87.118.49,8,33,False,2017-07-06 14:25:56,R_110DHkNapRHV9Tn,,,,,,,anonymous,EN,I agree,35 - 44,Female,White,California,,,,,,,,,,,,,,,,,,,,,,,,,,,,,,,,,,,,,,,,,,,,,,,,,,,,,Treatment,
2017-07-06 10:47:01,2017-07-06 11:17:52,IP Address,134.134.139.72,8,1851,False,2017-07-06 14:47:17,R_7Oj5c3whODd9ZzX,,,,,,,anonymous,EN,I agree,25 - 34,Female,Other,California,,,,,,,,,,,,,,,,,,,,,,,,,,,,,,,,,,,,,,,,,,,,,,,,,,,,,Treatment,
2017-07-06 10:53:44,2017-07-06 10:54:41,IP Address,76.105.195.145,8,57,False,2017-07-06 14:53:44,R_2wdEGYugY1Ixun0,,,,,,,anonymous,EN,I agree,35 - 44,Male,Other,Oregon,,,,,,,,,,,,,,,,,,,,,,,,,,,,,,,,,,,,,,,,,,,,,,,,,,,,,Control,
2017-07-06 11:18:14,2017-07-06 11:19:57,IP Address,107.77.197.50,16,103,False,2017-07-06 15:18:16,R_1GUFedgsoUmeoCd,,,,,,,anonymous,EN,I agree,45 - 54,Female,White,Texas,0,0,31.153,0,,,,,,,,,,,,,,,,,,,,,,,,,,,,,,,,,,,,,,,,,,,,,,,,,Control,
2017-07-06 15:25:42,2017-07-06 15:28:40,IP Address,70.211.14.109,100,178,True,2017-07-06 15:28:41,R_3QDmpFAvIjn6dwJ,,,,,33.64030456543,-117.76940155029,anonymous,EN,I agree,35 - 44,Female,White,California,0,0,31.066,0,,,,,Agree,Disagree,Agree,Disagree,Ad 2,Ad 2,Ad 1,Ad 1,,,,,Ad 2,Ad 2,Ad 2,Ad 1,,,,,,,,,Ad 1,Ad 1,Ad 2,Ad 2,Ad 2,Ad 1,Ad 1,Ad 1,,,,,,,,,Ad 1,Ad 1,Ad 2,Ad 2,Control,
2017-07-06 15:28:38,2017-07-06 15:32:51,IP Address,68.6.184.18,100,252,True,2017-07-06 15:32:52,R_3spRQv2S10oIfnG,,,,,32.74479675293,-117.1701965332,anonymous,EN,I agree,25 - 34,Female,White,California,,,,,0,0,30.113,0,Agree,Agree,Agree,Agree,,,,,Ad 1,Ad 1,Ad 1,Ad 2,,,,,Ad 2,Ad 2,Ad 1,Ad 2,,,,,Ad 1,Ad 1,Ad 2,Ad 2,,,,,Ad 1,Ad 2,Ad 2,Ad 2,,,,,Ad 2,Ad 1,Ad 2,Ad 2,Treatment,
2017-07-06 11:39:10,2017-07-06 11:39:47,IP Address,72.194.104.77,8,36,False,2017-07-06 15:39:11,R_r09e7gTStMuU8fL,,,,,,,anonymous,EN,I agree,25 - 34,Male,White,California,,,,,,,,,,,,,,,,,,,,,,,,,,,,,,,,,,,,,,,,,,,,,,,,,,,,,Treatment,
2017-07-06 11:50:09,2017-07-06 11:50:36,IP Address,74.217.76.101,8,27,False,2017-07-06 15:50:30,R_2E15EvPppH1xWwm,,,,,,,anonymous,EN,I agree,85 or older,Other,Native Hawaiian or Pacific Islander,Delaware,,,,,,,,,,,,,,,,,,,,,,,,,,,,,,,,,,,,,,,,,,,,,,,,,,,,,Treatment,
2017-07-06 12:11:35,2017-07-06 12:11:59,IP Address,144.94.0.4,8,23,False,2017-07-06 16:11:59,R_2Pb6ID5oD6Qr9H7,,,,,,,anonymous,EN,I agree,25 - 34,Male,White,Texas,,,,,,,,,,,,,,,,,,,,,,,,,,,,,,,,,,,,,,,,,,,,,,,,,,,,,Control,
2017-07-06 12:25:41,2017-07-06 12:27:24,IP Address,205.174.240.99,13,103,False,2017-07-06 16:26:31,R_2YE3bM7dA8LSSl4,,,,,,,anonymous,EN,I agree,25 - 34,Male,"White,Other",California,,,,,,,,,,,,,,,,,,,,,,,,,,,,,,,,,,,,,,,,,,,,,,,,,,,,,Treatment,
2017-07-06 16:30:23,2017-07-06 16:36:44,IP Address,47.17.45.3,100,380,True,2017-07-06 16:36:45,R_2YfXyGnOvkkCpf2,,,,,40.661407470703,-73.958297729492,anonymous,EN,I agree,25 - 34,Female,White,New York,,,,,0,0,30.03,0,Agree,Agree,Agree,Agree,Ad 2,Ad 2,Ad 2,Ad 1,,,,,Ad 2,Ad 2,Ad 1,Ad 1,,,,,Ad 2,Ad 2,Ad 1,Ad 1,,,,,,,,,Ad 1,Ad 1,Ad 1,Ad 2,Ad 2,Ad 2,Ad 1,Ad 1,,,,,Treatment,
2017-07-06 12:49:02,2017-07-06 12:49:41,IP Address,107.77.230.117,8,38,False,2017-07-06 16:49:03,R_2OT1BtFt6Urpx1x,,,,,,,anonymous,EN,I agree,25 - 34,Female,White,California,,,,,,,,,,,,,,,,,,,,,,,,,,,,,,,,,,,,,,,,,,,,,,,,,,,,,Control,
